,a,b
0,-1.0088172171395007,0.6681037659151974
1,0.6036314015798008,0.4219579698220568
2,0.0262620430233113,-1.7058477289793383
3,0.31041710763050123,-0.7013210228723465
4,-0.6772562275569368,-1.0022942646795778
5,-1.2714717276575824,1.3384116400334165
6,-0.02004653393072391,1.2463357739556158
7,0.16674848999606443,0.473187976477313
8,-2.6585226450900477,-0.7642330115225691
9,0.1279427909846588,0.16564360783989535
10,0.5382921356490493,0.5714538403616732
11,1.5425499204357054,-0.7018507222237856
12,-2.0568680616631805,1.0551330090786175
13,-0.968672560239668,-2.4957513175621693
14,-0.36605561081469745,-0.06184439568401556
15,-0.5579280259495061,-1.007594653350949
16,1.3907848398557123,1.6092581783193183
17,-1.0116296785668686,1.4276378523145945
18,0.33938830400642866,-0.04679487925653442
19,0.08498362150105485,0.518674218595849
20,-0.9828980628381098,-0.832687722419989
21,0.4811171809736714,-0.6299094384346077
22,-1.8842994487597402,0.2766898155934631
23,-2.3180303050625217,0.6381099224590624
24,-0.41328638241857407,-0.8946602563442172
25,0.18100957124808195,-1.3837185711680184
26,0.888779973618868,-0.14684288226656617
27,0.5407247198397223,-1.1083307635785702
28,-1.0641698260857604,0.008947476638447206
29,0.1754818369930844,0.6163505913789317
30,-1.3002648807470352,0.35624612317505944
31,0.39458663364844093,-2.2162531699346353
32,-0.43583999291600295,-1.4001870721854466
33,0.17313764374185436,-0.1045087337364559
34,-0.0925799505923647,0.9262608916329416
35,0.07499656813054771,-1.0617104504708488
36,0.6659765181806183,0.9818396459581569
37,1.7560386742575251,-0.7101271969726206
38,0.5347463466962786,-2.2256719054404135
39,-1.8062983258417271,-0.6043585329702602
40,-0.9658008634481041,0.25530594996354355
41,0.9237738500721842,-0.7608576740735152
42,0.47366292862525317,0.20339122074474814
43,-1.5791527846755085,-0.3697032042654606
44,0.7308839344675139,0.24253667871987453
45,-1.2263799631243166,-0.2938532668409036
46,-0.023066723591296294,-0.16367563136198182
47,-0.04211402387647743,0.017832966792549476
48,-1.759207892265521,-0.5050950020806126
49,-2.439514014097273,-0.7655560018004919
50,0.7576121357675286,0.1610263090188509
51,1.15384250619481,0.25309895762760015
52,-0.39050748847029576,0.581489616311762
53,-2.8023372640017916,-0.0157027196788684
54,-0.7749127320383578,-1.6138129950164881
55,0.8825374025302662,-0.8105279259894785
56,0.6505518516171209,-0.6695877796970124
57,-1.9676627142179703,-0.29955502016965785
58,-0.19502786070269904,0.3819270944161084
59,0.36958693345921756,-1.2779432301176579
60,-0.13028901639657536,-0.48569007854131646
61,0.8825404046756193,-0.8688095527655476
62,0.6276077018608022,1.5763465726788328
63,-0.367906675745642,0.18545197545594738
64,0.09595966843012695,1.0296585128540117
65,-0.29448507663852364,1.3133009879290138
66,1.1886664230961712,1.1308641439598464
67,0.6638029417734631,0.7330896273956943
68,0.91297345334216,-2.532073676075565
69,0.6387861314168978,-0.8419284002604671
70,-1.2462103307444887,1.4293455557265078
71,1.1763409182233788,-0.9618257065871877
72,-1.0363621698311727,0.13119844109655185
73,1.0681274249949608,0.3321918646571025
74,1.6184993617288395,0.5231087155579872
75,-0.8348271809451838,0.09878924726041854
76,1.02977435120455,-0.5614679056136224
77,1.723035889578123,-0.6365334202777021
78,0.034375202367827644,0.9469857147463197
79,0.849887473829247,0.4540443225958029
80,1.4056265591621047,-0.8000559951689921
81,1.2020479831399902,1.2388634234281872
82,1.7836352289468187,-0.1211786134317254
83,0.32513130749812147,1.0392198853956653
84,-0.3938874009454865,-1.5222637564311299
85,0.13537266483343882,0.10525612180089852
86,0.5442155632688601,0.5001150358379809
87,-1.6578779353254587,0.8852918931854704
88,-0.6284755582886901,-0.7822124333780405
89,1.24262312469244,-0.03474256069771898
90,-0.45276997369660044,-0.7221135984228888
91,0.09566370651604443,-0.011443849914961885
92,0.03849299927508099,-0.6325536881436775
93,-0.8519864671920426,1.4029751242242752
94,2.5871778898760187,1.8385775499955443
95,0.4816113880521568,0.18137945579311968
96,-0.2200931957592902,-0.8302163684584901
97,-0.4477067085458358,-0.6434309459485242
98,-0.3199735143876656,-1.449112918122626
99,-0.5634645567086828,-0.3872390713607578
100,-0.3076314609546139,0.10208946682368869
101,-2.003473314669676,0.21748799924291642
102,-0.4751028572914947,-1.3001293914022045
103,-1.9668523914025706,-0.07749418242087104
104,-0.7852502546417214,0.06333528880696507
105,0.3956619545655274,-1.1159561771588882
106,0.6665930588589758,1.4638807108379746
107,0.6894425444542571,0.7338105591308697
108,0.8427590646882304,-0.19705303527823312
109,-0.9876368695586867,0.9392918140797175
110,1.9069514054003611,0.269038327498347
111,0.33933162312075876,-1.0322619983577404
112,-1.356448353278152,-0.025449858124440065
113,0.6987651328697603,-0.9203515829250136
114,1.2772899088451188,0.9663011827998417
115,-0.20358504849029133,1.665328125663371
116,0.19887459385101702,-0.12119572065444725
117,-0.014782062191103137,-0.17580003875937236
118,1.8634755966328116,-0.5246551310528785
119,1.823739546480773,-0.9586470215052225
120,-1.235676331963976,-0.25298222477191323
121,1.5892865530597773,-0.7221695386462942
122,-1.2722974066585457,0.1154587318430832
123,0.10776703138922812,1.2294954870063939
124,1.3704251735798942,-1.5003937909142815
125,1.8308697145901949,0.06826276473833144
126,0.7794468365362682,0.34258641025999464
127,-0.5391335714304257,1.3168280198440085
128,-0.5450787180093889,0.4633868029631165
129,-0.36202383506170843,-0.8179783877445779
130,-0.31776880379613887,-0.006386492090663079
131,0.495582312200849,-0.010184626547872172
132,-0.189686333275384,-0.24503494874720919
133,0.723749895786231,-2.2674110340926585
134,-0.10260536158281777,1.2916483207553384
135,0.9719604437558432,-0.9876706271863585
136,0.6648360389153082,1.681697096870545
137,-0.7975230693535578,0.6667248176968972
138,0.29796865239582865,0.11591548660563375
139,0.6563014364959237,1.5119180046621037
140,-0.11776070964250776,-0.7953007104169176
141,-0.7660918717627265,-0.20786278188021268
142,0.20163522539986747,0.03605166427363837
143,-0.06696126711268154,-0.7900198857567832
144,-0.4641954285026218,0.7166635753739055
145,0.21339340977105037,-0.2825494238577537
146,0.8060002810992235,1.5567167134495319
147,1.7176639711613062,0.45883291237114454
148,-0.5232617927066596,2.7655088648316064
149,-1.0998170058435202,0.41690512024361404
150,1.004758128325844,-0.7977675155193881
151,-0.22539438745015175,0.6695988954661135
152,0.32586646520002854,-0.4858751289334814
153,-0.5976620632320976,-0.41614136253003314
154,-0.3832939711294204,0.29596760702418573
155,0.7244451490360604,0.05643972791206962
156,0.8094696671510464,0.47949895212529686
157,-0.0009138272269247635,1.8749505562143327
158,0.8610827296886737,-0.462991142445854
159,-0.5823954206932044,-1.1237678790668966
160,-0.048200971600887856,1.2113208438966006
161,0.8338260982469448,0.9630800913299321
162,0.7265470170161874,-0.4167416959173683
163,1.4102701340585995,2.1880330672567303
164,-0.6183472260495814,-0.17819231431184523
165,0.7214164511476557,-0.11685752494129872
166,-0.8153213200188436,0.5191324737024559
167,-1.1798282015726353,1.2482967920367314
168,-0.1385531377591764,-0.2051223233743924
169,-0.9597225005923199,-0.9506783611610387
170,-0.039371738501554635,0.45080898034259653
171,1.5127754654553314,0.5131164401014937
172,0.2719610890989976,0.09879992194248394
173,1.3541733259327922,-1.1184180335880858
174,-1.558502882004271,-0.03280944098891127
175,-1.197730145801044,1.5725742189648841
176,0.47609513949123095,-1.7661569784265165
177,1.6342038262345395,-0.18383151553476482
178,-2.3915338449334884,0.5720010249125785
179,0.9209142754615315,-1.317401765133828
180,-0.21566617958735781,-0.39184177288136335
181,0.22366367514387941,-1.544936438573461
182,2.191072404421895,-0.7831657135284849
183,0.5882252402956566,2.217544523507199
184,-1.2714131204077188,1.0199810783725622
185,1.8167276441903573,-0.7735584290043915
186,-0.7127840585601537,0.39365109581075436
187,1.1305254787654435,-1.019973485152577
188,0.16529884214786741,2.120539529397475
189,1.2667634591863588,-0.370848886233895
190,-0.3056591931180019,-0.4064496559644257
191,0.8215756678595271,0.7909055370595679
192,-0.9091700654830653,1.7688387809540398
193,0.34380457365061284,-0.4847423713095567
194,-1.143626309929632,0.9431733859770237
195,1.034199247743355,-1.7196760887988707
196,-1.1837808976092306,1.029617956624246
197,0.5416677296797572,0.6250427318706298
198,2.5636703565909014,0.3591316476152015
199,-0.41278384402926915,-0.2429424012139223
200,-0.21231257789698563,0.8540861824271202
201,1.144714500021581,0.6847909680800044
202,-0.13895119193232017,0.45196993557269105
203,-0.40134292662657756,0.11204935106399094
204,0.03536550126891564,-0.7097313680756895
205,1.9012798686860826,0.06011236731438216
206,1.8221936565520813,0.23835607134069683
207,1.1053496879454554,1.011788819931279
208,0.9912875299298253,1.4509615586903506
209,0.03756884665802097,0.17903168902630148
210,0.367505587029006,1.1623178319742917
211,0.6423693992517995,-1.4025362177484146
212,0.3866209542743424,0.14545851025182835
213,0.8149530947366824,0.29295805978370515
214,0.5575734542448403,-0.6668682415227057
215,-0.22138202162136678,0.16932075639060074
216,0.0881594979280402,0.03764816871508664
217,-0.5879530407454647,-1.3666631223451757
218,-0.09031041634483318,0.04522643224039025
219,-1.5340271331899413,-0.18009660588594692
220,-0.2811363652737959,0.17870433645048017
221,0.9134744440517932,0.35949671002376793
222,1.7977519299282667,1.2078936431058696
223,-0.806481232965961,-0.5870405375287179
224,1.112894265268957,-1.4221886559958083
225,0.3283859488856219,1.208289895400474
226,-0.05202971103964193,-1.2936669888925778
227,1.7801810582837683,-0.5194541799651154
228,0.29717308460713254,2.2216164852125253
229,-1.4333296187785225,-0.4558340719992749
230,-0.6805706628075773,-0.4935553255014594
231,1.831403777033304,1.5235898879685308
232,-0.8895057382046402,0.9649115385752705
233,-0.17267283724487892,0.8364215986966057
234,-0.639412985086021,2.2184278565482125
235,0.009240798993490631,0.11881264016344344
236,0.5278600395355936,-0.4708686581362167
237,0.2385891233251282,0.8042640851170116
238,-1.0813809162262586,2.4684622825586158
239,-0.08131534923947377,-0.4756338825070684
240,-0.07370510145064733,-2.0979647436468394
241,-0.35148636779975834,2.054403344266069
242,0.6314114725382636,0.9422703585341601
243,0.21312457694480905,-0.2957877392832224
244,0.43724614741675294,0.04889223316525951
245,-1.4082448584727516,-0.9000337963700152
246,-0.11114986890533023,-1.038631973207201
247,1.5515517194733017,0.6400257623976572
248,-0.7476043539196416,0.885838040933407
249,1.5648138790293569,-0.6714673691572154
250,-1.1950533801630616,-0.05966012954782581
251,-0.3096143157791033,-0.1606221254811781
252,0.6709650248015385,1.6956288760680842
253,-0.5505927696925377,0.3724408291087387
254,-0.5964218820822424,0.9702615889342677
255,-1.3565299582420867,-0.9510643492003242
256,0.01578429709868645,1.2871530960936977
257,-0.3034226671796829,-0.5682806774578759
258,-1.4344919006841148,-0.5653638053779453
259,-1.0648423358167696,-1.417954342955351
260,-0.9814225776232678,0.7610259949217191
261,1.0653038631879213,-0.8513811431935615
262,0.698918435100794,1.2295821589656761
263,-0.7262493337042792,-0.4152331319186905
264,-1.8819987484430096,-0.17423566862805265
265,-0.7628495476473305,-0.5202803503357762
266,0.034013479822796545,-0.22109827249328784
267,-0.5212386721021632,1.5153111434540227
268,-0.25758100170811044,0.05457429314529127
269,-0.8684918243360573,-0.9200664400597414
270,0.822994082880159,0.2710241859791115
271,-0.06698155427988446,-1.0161770414069577
272,0.854449502916862,0.16877735510515052
273,0.020549446892198474,1.0207855412139624
274,1.2968566447931837,1.3443856211130603
275,-0.48828951733905424,0.3075428261538543
276,0.1004581608807699,-0.20486146962551097
277,0.8035984711011998,0.17823482715933164
278,-0.3379221813555352,1.3484221894388673
279,-1.5865107983388465,-0.5236466079910215
280,0.32665261139956453,0.5500486268998108
281,-0.45718492334221494,0.5854532087299209
282,-0.22806608391229138,1.4806805623574595
283,1.2444454524631168,-0.6380696018035631
284,1.3265702316243284,0.16118069770219642
285,-0.09249964872993734,-0.09987072513474535
286,0.2895120705283845,0.41306740444744533
287,-0.9397716023159652,-2.125125706181346
288,0.2979473846171824,1.2434316703280714
289,0.728944092151464,0.42714827849981446
290,-2.066083484584519,0.6407271912537311
291,0.2785557484588674,0.40949910029183967
292,-1.2310323571278197,-0.04890165507135652
293,1.289050882473389,-0.44867347053196316
294,0.515263253625851,-1.0270783491908833
295,0.5949671294257145,-1.1038519872315604
296,-0.2599518901683064,1.2428154524427117
297,-1.5071215806792615,0.68274959426365
298,-0.5392280283366727,-0.9576952195632623
299,0.8288701721140749,0.6804775070105791
300,0.47449804043489513,-2.1709527185787136
301,0.4170674181962499,-1.7518101458570718
302,0.3638544998041145,-2.493713595617475
303,1.5525488402257237,-0.061189588838858
304,-0.42532360857047746,-0.7539452839193781
305,-1.7301153966595588,0.035727146439192635
306,-1.1481541923008762,0.4561058426629963
307,2.21386341909758,-1.1940875322784366
308,-2.6152923984217713,-0.2631991682462084
309,-1.1522818031473492,-0.19428334873540856
310,-0.7856631411522511,-0.9828329371428334
311,-0.5204315721453056,0.19383123505360028
312,-0.3330464252687814,0.12858379974797154
313,-2.7399885936381403,0.7509195057859647
314,0.05725305941260946,-0.06767870415285118
315,0.3163354480931777,0.6844180719027639
316,0.7547941152715502,-2.279870958811002
317,0.6695688153965507,0.9333186178060618
318,0.54048992676683,0.5432019432368963
319,1.4184637883504194,1.2795328882301804
320,1.630330781720297,-1.0233168045655128
321,0.3440278565499205,-0.5274578986252614
322,-0.4978722254942405,1.4505198323464952
323,1.1699047401784344,-1.881935254665543
324,0.8288192703848074,-2.1443550392778286
325,-1.070527448393106,-0.29768136523354893
326,0.42512460139099,-0.6177056711079667
327,0.893781677014835,0.894685286509032
328,0.1338547950139235,1.6058873216865692
329,-1.058405542340223,2.6540004083479363
330,0.557484754057402,-1.0845432983335221
331,0.5428103408021921,1.81444744767651
332,-1.0562217853140818,0.4605847933382309
333,-0.8451847557261876,1.7067619781058612
334,1.3088338624690785,-0.41144628566539265
335,-0.12447986722605418,-0.4217634603918521
336,0.42590092028279614,-1.4517602480890632
337,-0.9493311474674881,0.2709670067935502
338,-1.851160583280954,-1.1147573200880208
339,0.9107356941088451,0.19812469751375458
340,-0.8464063793214864,0.712072335703866
341,-0.18436977848614158,-0.7069968353280449
342,0.0829768964609011,-0.5892290037830304
343,-0.6374630583072184,0.3376964881281151
344,0.0671560678751441,-0.7227548250351827
345,0.44578199222183357,-0.2762801423893322
346,0.3408815648737424,-1.7175690103761865
347,-1.8399409892719982,0.8662179704694514
348,0.08672280972471146,-2.6314497129985366
349,1.6942310621871224,-0.18955415317178356
350,0.8656777467920932,0.6097686967755688
351,-0.5591753306854595,0.6131636924914645
352,0.9870605651006509,0.2297376189084834
353,-0.03071979669724502,-1.1448884678285816
354,0.33897118765032036,-1.3894501523223248
355,-0.5009712990458082,-1.8464466281728185
356,0.14675505615439427,-0.8372334964341906
357,-0.25778857072612954,-0.7768358316531568
358,-1.2144771550056663,-0.3996239718830039
359,-0.1459729715383039,2.1648757150116706
360,-0.6972492902909149,0.8729077392656514
361,-1.0289755072735225,-0.300795955436396
362,1.099401195350439,-0.29304101636980645
363,0.5325170383286711,-1.1616569644250032
364,0.3663099180667896,0.5926238063769377
365,-0.07313806394623501,-0.462507244500981
366,-0.9649093443124535,1.6648686646197242
367,-0.19703579070087532,-1.794115577185399
368,0.09231583291944495,2.3170434689826567
369,-0.337039255457593,0.5245985933408597
370,-1.3779813054203112,-0.06664344482621043
371,0.3683025701867086,-0.7992376494650223
372,0.6567407771299117,0.41005199140422477
373,1.1878799014937638,-0.14976163465579165
374,0.4129879576193605,0.811988264310118
375,1.1275266817084113,-1.1018432120307702
376,-2.007425886802395,-1.8980213557248031
377,-0.31600814327876564,0.395997559796878
378,1.4555871971051675,-0.40501256246107914
379,1.101811196260971,2.2547492365281925
380,1.0565725356648916,0.31594265125340487
381,-0.9085179918563672,-0.9190437481130486
382,0.9971801426943605,-0.8350732463849803
383,0.5961070236131935,-0.2898623358255485
384,1.2215737289301498,0.8625535201526748
385,-0.17665799050610206,0.4247325975814495
386,3.151918882348332,1.0694125631819573
387,0.7941027589096774,-0.25728415332654486
388,0.22133270718278594,0.28053959075770046
389,-0.1152287996466575,-0.3669056041421181
390,-0.3502661042820924,2.227381324253903
391,-0.32251686818502145,1.8396474874260995
392,-1.3938695472622806,2.1325461295151222
393,1.5244339887134384,0.06960454951685217
394,0.4162292173813864,1.0061338154088764
395,-0.6570714267425481,1.0810492835571557
396,0.7193432238643569,0.01769711735442451
397,-0.3068108087804012,0.020503768017936016
398,0.4808488573297443,0.717126437238028
399,-0.18819879291773545,1.3502287249335305
400,1.6024956921155487,1.1524776875435123
401,1.9409087435986176,0.0750555299871881
402,-2.3156959190322057,-0.3979793458051977
403,-0.09411411207913419,1.2031830128818104
404,1.2765649761757891,0.9009773607502118
405,0.8608245774945453,-1.0045194759358984
406,0.43282305153214085,-1.1458312927606784
407,-0.6690369073165027,1.754291038518559
408,0.17755190187059458,-1.1970992349142509
409,0.5360935989071837,0.1568054204167972
410,-1.470737730623885,-2.064123102390999
411,0.5249723228426163,1.2550164994948232
412,0.6913947360077097,0.37504174850100885
413,0.27375866605565596,2.009167471597389
414,0.5329576059871364,-0.47052656141023985
415,-1.1062014449108832,0.0906372616681155
416,1.3527057427230667,0.5047022909900435
417,0.4749604933611092,0.5878795461218893
418,-0.07749070428945463,1.6749100890808106
419,0.9521875810744658,-1.0142098989957176
420,-0.21229610503138416,-0.13792098071133618
421,0.1637634547070218,0.321532272890676
422,-1.1941181162922827,-0.9429609476055326
423,-0.9264063312970954,-0.3284969476517506
424,0.6660736290857657,-0.212338199749428
425,0.8212026259690082,1.6604649904003113
426,0.3295367962164694,0.8404776970065303
427,-1.3567759618842463,2.556935802723348
428,0.42942021598419117,-0.36670984919926514
429,-0.7879855450581214,-0.7414091546535803
430,0.49997680635541647,0.06096339605708879
431,-0.21451903723701737,1.8635496543598367
432,-0.38593641906575504,-1.0703494587594933
433,-0.4218396967188667,-0.04962165941657638
434,-0.8566639387887309,1.0206674650926617
435,0.3519594782035929,-0.05677674742493434
436,-0.5414958340741409,-0.31797838590526034
437,-0.48415065589432277,-0.19804474066353353
438,-0.19743850399079468,1.1165250346638123
439,-0.39384176975913937,-0.1655138374439414
440,0.5400391010323639,-0.3838125447883474
441,0.23918801499948283,2.23072618915153
442,-0.28949085670344177,0.6632085437629075
443,1.579664367969571,-0.8397834561614789
444,1.3872830467580066,0.5268201414586422
445,0.31364414397791834,0.21157767456383705
446,0.6611702754309305,-0.3331205825130694
447,-1.6469341171128864,-0.34396209010505846
448,0.5276506684080688,-1.6829553190154762
449,-0.11850383853996935,0.2724605236107748
450,-1.1903135101232858,0.8819750033326221
451,0.9505958892936951,-1.030122253134391
452,-1.1068916095494121,0.4560166128055909
453,0.9603149565293575,-0.24104406761101838
454,0.46538114290198174,0.7737302926426118
455,-0.6527889432326897,-0.07967175728313573
456,-0.08354315443544796,1.3070344198322574
457,0.9151545664218632,-1.3634187813177359
458,-1.7580880586787342,0.5551004784927926
459,0.2971581868167584,-0.5274736736801826
460,-0.05676811985738601,-1.0874675902441582
461,0.5152870614803275,-0.8747617267903235
462,-1.4178457411195153,-1.2889647089891094
463,0.642460629414485,1.3865090438878085
464,0.39690055168704036,-1.3901642292455054
465,-0.8947676287135687,0.01580966537115854
466,-1.06196594313199,-0.6203489317211991
467,0.19814440422232973,0.27634889230566534
468,-1.2158969188184405,-0.5379145829931185
469,-2.0918465817452465,-0.4589706686768461
470,0.38957344594759963,-0.6050629292355463
471,-0.08517749959896327,0.7590025825426322
472,0.5442268413749055,1.3922356413313717
473,-0.5058594977815455,-0.42758504470374376
474,-0.545220726813993,-0.3915335578260993
475,0.05856771160203673,-0.8078244793469096
476,-0.3558980027198168,-3.4428119098026477
477,2.7453923736326136,0.36993041542009697
478,0.5788688015165221,-1.2725363342917402
479,1.8904707363182223,-0.2230857171711704
480,-0.3304949855554781,-0.43753021216192667
481,-0.4591805592451756,-0.6553421747744648
482,0.43395787582979944,-1.916014313889401
483,0.48002978380366274,-0.7220844340546414
484,-1.1911529870656412,0.6275936723124583
485,-0.12823493840711853,0.6841890094407075
486,0.20577088391307932,0.4012579511075873
487,0.35272454777956413,-0.3598652139515516
488,-0.812702978342722,-1.191442043165544
489,0.06575828194780407,0.17174995231967266
490,0.11350031605340438,-0.5704166780833178
491,0.08678514250077154,0.9846934009539139
492,1.3758221953557304,0.9474563745689543
493,-0.497162939239997,-1.266146507643089
494,-0.6931548084134381,1.3702463507327418
495,0.09847221080165657,0.9053053951983796
496,-0.123205721904217,-0.37513185340735594
497,-0.6880789712361052,0.19845967265299122
498,0.2965114348035277,-1.359541463506668
499,-1.1898228667377613,-0.937437570785399
500,1.5430679552354192,-0.5820733768863262
501,0.026082129558115022,2.4464276237005445
502,1.1987952564652846,-0.14994412866534781
503,0.19507443646811176,-1.331197928106046
504,1.359494759412812,1.340494066555279
505,-0.6292327054388608,-0.7093005462074405
506,-0.7518253313697326,0.5244416985164573
507,0.04348608729973166,-1.118256679469108
508,3.040558521868679,1.115600642456949
509,-1.5820215209982953,-1.2434116815666398
510,0.5808459367913356,1.3250459375214996
511,-0.33561072362285116,1.1643095790283882
512,-0.8391015989235352,0.4288349930590604
513,0.10246983415322669,-1.6068970286680146
514,0.6825214500047836,-0.20651076776497848
515,-1.0330885408600738,-0.8290830880582203
516,0.9986960624793771,0.16683867238125197
517,1.3528526440084436,-0.5355513270522613
518,-0.1505497629175933,0.16514561251413443
519,2.574858402832299,-1.8903310292752804
520,-0.2652826339569301,-0.7382270893047587
521,0.9566330029015386,1.0654504916161838
522,0.7424997115751544,0.2475636908519175
523,-0.45126846072149873,0.9906718402843335
524,-0.015106255047490375,1.2260980635015641
525,0.7815093210988553,-0.6126429908647675
526,-1.5149439138740475,-0.37706298101102687
527,-0.5316231504857114,1.3356895144894771
528,0.4147027622091621,-0.6435245889361989
529,-1.236485655906636,-1.1041980595974832
530,0.7738812517551311,-0.8096931841550695
531,-0.5733248844671291,-1.8641872289038228
532,0.11661476633380233,-0.6401002374908318
533,-0.7369954844697172,0.10400961501535821
534,-1.189341925018084,-1.0245076373613917
535,-0.6243040786408279,0.8676523282738635
536,2.3440374474361296,-0.11476013723879779
537,-1.0676371764274872,2.46194036424459
538,-0.3544320627470176,0.7287865871465908
539,-0.39443686582966975,-0.0346748636470487
540,-1.0134718209103206,-0.25362503202647935
541,0.018722266728358472,-0.281868901805515
542,-0.37441531748360035,0.47369105029201625
543,0.6673468229581919,-1.2735780462255069
544,-0.07567606710725518,-0.33146883132401267
545,-0.15622176260737836,0.7885731487641238
546,-2.1384627697022003,-1.4697516470381258
547,0.8818561077843293,0.13915144843446325
548,-1.0552717283194628,1.437289756382209
549,1.1664888601272856,-1.6642013006394516
550,1.7398807140238386,-0.7210322972963084
551,-0.9654018676509143,0.9935931051451303
552,-0.8978733438300944,-0.00990865686754011
553,-0.09015016163003692,-0.5240317917254623
554,0.9759527730144483,0.059792098621241074
555,1.406581384817717,-1.107730818856685
556,0.2636444317472601,-0.2105748745877555
557,-1.799012297248656,-1.3865612344319505
558,-0.7273701902315555,-0.05140477757635253
559,-1.4237820497129905,-1.705372273204518
560,-0.6233587076928563,2.315282845240731
561,-0.2860959505594917,0.6267513580375215
562,1.2651966228616982,-0.9656481813783412
563,0.775322344764989,0.2483938628193776
564,-0.10367500066380511,0.9884051324511152
565,-0.5821222392922443,0.6310587035984133
566,1.0875762103392046,-0.34641925778522736
567,0.9054636028922716,-1.8317140103892833
568,-0.19240576626028988,0.6393489516134496
569,-1.5208640335218426,0.5724879107810323
570,0.5776837344362207,1.3856946561515975
571,-0.16816719976745667,0.23294078225403841
572,-1.1317488439979153,0.49392145462037823
573,0.4642379456942956,0.2624701181420597
574,-0.05734631558607588,-1.6298362312118897
575,-1.1572487831691844,1.9053056904905532
576,-0.6729789960960294,-1.5996596274574
577,0.07608015244192735,-0.12316580174545953
578,-0.10871696923238053,1.0468141506850237
579,-0.41746363116943475,1.3208672976871665
580,0.8014175322642915,0.7978267564986065
581,0.7133018598887949,-0.4537520631498392
582,2.827305416104567,0.9366735588970176
583,0.3394224086249847,-0.3626097709942645
584,-0.3280278955911114,0.922663984198308
585,0.0651187081789977,-0.3543663869226376
586,1.0555642754644858,0.012302993655543347
587,0.7755703895427967,1.4033087024842323
588,0.5446260123078068,0.13815891119444196
589,1.0160580204749348,0.7160661649519501
590,0.1999389776439013,-0.8042975662592252
591,1.6812387133910207,-0.35741140223729934
592,-0.38555175356776017,0.2345923003628739
593,-0.25606894004656855,0.7964403429926774
594,-0.40116308475759815,-1.7180487648932916
595,-1.1736335739376027,-1.3579737382522301
596,0.8734754472723363,-0.6689094511172037
597,-0.5047451597052586,0.21493174855875422
598,1.8235648074986137,1.259067660310323
599,0.19154387734221986,2.2168600751607337
600,0.9865834348586395,0.7196135831434148
601,-0.2700710383898799,-0.09385512378674653
602,0.2251790286320557,-1.1247898673960761
603,-0.2913311499279576,-0.5570669898043702
604,-0.9740524612891805,-0.5603054730093562
605,0.572218133411889,0.3618562447092176
606,0.025869171419938712,0.7172255618160034
607,-1.8555222507743567,0.24527520006775658
608,0.37395003773440727,0.029657450764416643
609,1.7175948375230556,-0.6437077319103388
610,0.7473047280395224,-0.8050314473293713
611,2.197043824613804,0.6497572712441914
612,1.514204307513245,-0.11179159628161772
613,-0.2908667349971008,-1.9212972151415768
614,-0.8193146513709934,-1.3072936332063056
615,-1.2784277132053345,0.4572562026354096
616,-1.5137008031813892,-1.288679260931628
617,-1.9926922083322236,-1.216469404245274
618,1.000839749729186,-0.052075010831912745
619,1.6249343085257009,0.41488303564729945
620,0.11201388114166015,0.6863473667308645
621,1.1849896165090603,-0.8615787052427418
622,0.10555232452937004,-1.6510005806587167
623,-1.5312825884771315,-1.1708681136436099
624,-0.4569485322875415,0.40972006610283945
625,-1.3673137182505952,0.8102655464258203
626,0.8189287105585945,0.8671036731161874
627,-1.0273969534344758,-0.26196102761562834
628,1.7480075427721817,-0.7097899638984578
629,1.32740267616039,-1.2369378420132047
630,0.10150207942777446,-2.324319270845369
631,1.7646241312096884,1.57567726526208
632,-1.2719569502095582,0.5916069906440545
633,0.8979329036935317,0.8650578766874757
634,-0.939552964912865,-0.04303491508446918
635,0.47765257438394215,-0.10484635514953652
636,-1.8548659584076763,0.03226804072531552
637,-1.9327735519600897,0.1472159725749634
638,-1.488142971614641,1.4207182268947594
639,-1.3256091301598294,0.7543748520800992
640,-0.8288903527544894,0.15565197258256344
641,0.4114351035760837,0.48889814661700964
642,-1.0704305398863896,0.8874522447928569
643,-0.45149455249705167,-0.24361206937887128
644,0.16588862090229772,-1.5790915859837993
645,-0.500216463261028,1.4659907962684928
646,-0.1678433739377089,-0.7089759172114174
647,0.6324025945716588,1.2333716617024943
648,-0.4637075278596328,0.055594606452890896
649,0.42755513967093023,-0.19087359288966455
650,-0.35860163820116375,-0.4072121424012422
651,0.9470299848792801,-0.2479949093056241
652,0.04373563181008174,-0.15547012121164033
653,1.8804007968428367,0.32116475569671876
654,-0.04787080326071814,-2.0730874943332176
655,0.7490551172049417,1.1779545098530655
656,-0.9496808071309288,-1.2916312665992973
657,-0.3606455828752898,-0.2994905844011475
658,-1.5769648771767364,-0.028314553395182046
659,2.099938255613927,0.46626175372911793
660,1.0147502584570598,-0.6126663841718435
661,-0.3636713695767744,-1.0487374518484738
662,-1.992096478005926,0.5226254646195696
663,-0.5213242659003372,1.19694230384235
664,0.6731668133778606,0.2023450282987586
665,1.2217611595958233,-0.6683524340297896
666,-0.8982308613118306,0.41692293759548255
667,0.7385260911329724,-0.3706267077322933
668,-0.704054091315288,-0.027289113959769594
669,-1.2045323036415665,-0.7780535304335912
670,-0.6626068744440055,0.5695212650916
671,-0.33809576684059006,-0.06726310357784179
672,-1.754343839838341,0.7856740044568642
673,0.6496494387239113,1.0731360674283277
674,0.6736027503107029,1.7509105837825993
675,-0.5126185526878037,-0.42281038625090456
676,0.5624774348105834,2.2695123622377356
677,-0.4926437043709147,-1.0617433100681064
678,-1.3355588100724218,0.3287550928675012
679,-0.1642796256890389,-0.9716694391052582
680,0.9181330608480727,0.013570577906776305
681,0.9004775325323988,-0.8099260026129619
682,-0.19635341088769231,0.185152179192704
683,-1.8120588711868753,-0.35241388301752774
684,-0.7487972820331069,1.9384585357994715
685,-0.927625554878753,-0.10132661342610255
686,0.13662778630970052,-0.6465452633508865
687,0.8728049101174316,-2.163503687558009
688,-0.5434288359556154,-0.8834716597172523
689,0.44095016107447327,0.5728982328865514
690,-2.7361354808207388,-0.25994790059509876
691,0.30036471229823136,0.5670752194427517
692,-0.3820803433654726,1.1481520397478506
693,0.6807352030330227,-0.3980521708374964
694,-0.6064578529520044,0.086088319256905
695,-2.010803035389706,-1.3645684412442012
696,-1.4009045774602658,0.12700878324842146
697,1.2726164400779993,1.690007422680742
698,0.943106435929779,0.8331321373548252
699,0.13958318072082432,0.11018395803607295
700,-1.6845442576493068,0.8238919062168573
701,-2.1599762081410305,1.0059248148206796
702,1.162961553380071,-0.7188881006572939
703,-0.49853351509834903,-1.1627806884584901
704,-0.6341626092581888,1.2779988756583176
705,-0.833869931786189,0.93945964400387
706,-0.9439614468775784,-1.087088057080285
707,-1.7881056393853032,-0.9068093276359016
708,0.5005681688230562,-0.8404086971929594
709,-0.1480273461868034,-0.673607094546429
710,-0.973918247843221,0.17655177240633907
711,-1.140051715859575,1.278586808605004
712,0.1825624259609912,-0.9332322731936256
713,0.2203830176794707,-0.5941715394196921
714,0.9298637963940607,0.47340347197195215
715,1.245631699996793,0.19533652534382406
716,-1.4757643007114123,-0.35358508240967157
717,0.06288561898621924,-1.0057987092907075
718,0.37382038238033494,0.6858332404732945
719,-2.2156995673712605,-0.3377243101954794
720,-0.6254078225503118,0.5651505181883666
721,-2.1458901397528436,-1.30809227430955
722,-0.8337039365583991,0.010692277645707064
723,-0.4509058939950662,-1.2437642015972248
724,-0.5317907766857116,-0.6225590754045485
725,0.2741149026485462,1.6721520127893634
726,1.0799302023818187,-1.1543878504830523
727,-0.5821750225573699,0.33502068223774706
728,-0.81624386925234,-0.3605215771826556
729,0.6643070191535388,-0.5728611870422264
730,-0.04707403490481633,1.893806603227389
731,-0.4400884924151774,0.7146123758813006
732,-1.660018180484871,-1.6336273169831628
733,-1.188663179159038,-0.34669255292143886
734,1.6058797607952993,-0.6853462894468009
735,-0.7640703510338127,-0.5925742394093155
736,-0.5332526874246675,1.3069620863086775
737,-0.8813442188813504,-0.19668973094952702
738,0.5636197024999026,-1.7365866305691589
739,0.21044184351538436,-2.3071017568846894
740,0.5497243995489911,-0.24957547027549046
741,0.2827237616202437,-1.2007362684962053
742,0.23996880859188063,0.999517259969987
743,-0.11034642174847903,-0.5892539496484147
744,0.9620698215213439,-0.18930337674211847
745,0.06396210117531174,-0.007833673322915138
746,-2.2945653360213765,0.245183056628963
747,1.079847682116821,0.13624590142949675
748,-0.23699267808975663,-0.5164825279698546
749,-0.30399988673975537,-0.8114355708255377
750,1.3448760630730379,-0.5922268791056938
751,0.38386524862006377,0.8051769405613063
752,1.539584493862792,0.34833046339739143
753,0.43045123722695094,1.0198056455999862
754,1.743585659245832,-0.22506163389923017
755,1.01950680157069,0.9388563881659245
756,-0.4585261943389757,0.47193063350274994
757,-0.2642255411317282,0.4769884523312207
758,-0.589819848706728,-0.6386236200805137
759,1.6899134173651267,0.11473613282009988
760,0.5772836000848964,0.5991699705696558
761,0.375391280208985,0.739489589512795
762,0.8330679157017303,1.3512678125867523
763,-0.34858101670834885,-0.27339916764772443
764,-0.2961709062426335,-2.3362220796228317
765,-1.4559871898128331,-1.5309737402550398
766,0.33947518205374055,1.0248787870726241
767,-0.192834758451645,0.4542511474176398
768,-2.355399249031271,0.22065017676198082
769,-1.7816051243959958,-0.5091028233181341
770,-1.328250592406333,-0.6716973922161095
771,1.3818004112118576,-1.0132547900468902
772,-0.077705078922673,-0.8215628390238786
773,0.5324932180528373,-0.966605720237197
774,0.17701887890287857,-0.10549339914154068
775,1.0426295355436126,0.6905385059052126
776,1.0001949336303742,-1.3425485399188606
777,0.9189155871380992,1.0998685414828038
778,-0.05811345889687114,-0.5382455224690142
779,0.37947843660400876,0.2272287256629762
780,0.05062624932423887,0.4596619284303857
781,0.13223098551253212,-0.40455797505583485
782,-0.3272311711561955,-0.2653692605876267
783,1.0569003697103674,-1.1595673838277527
784,-1.1403788136786506,-0.6753579595521266
785,-0.40341773234298617,2.9118356204315017
786,0.2505091351975601,-1.0371144467686242
787,-0.485864059817814,-0.1474295569804404
788,1.0749730742142887,1.09729781077767
789,-0.12295728100039235,1.1145302398496715
790,-0.7117021129995225,-1.0243360218524968
791,-1.469596700138205,1.73211913063193
792,-2.0309121699744797,-0.599315423049042
793,-0.8655178136447863,1.262841412754673
794,-0.733328085343666,0.05691332330664875
795,0.7482809485070235,-0.39643570974921316
796,0.010012873940965035,0.25607054753048947
797,1.379895010271289,1.212614909874733
798,-0.5695057188522853,-0.8865803767173059
799,-0.3925261762647815,-0.5845330269004688
800,0.27878841992748454,0.6349321902740017
801,0.03285224723643968,-0.918816643736073
802,0.2182438464383121,0.4522819434749567
803,-2.1682898624520526,-0.3204330946684108
804,-0.0970146291435973,0.8089696010789192
805,2.1008341568278475,0.7191220426974122
806,0.007700401400257577,1.4843202528396493
807,1.7784819808016779,0.8719981520629909
808,-0.32633738413861263,0.6008472572394747
809,1.4540416125519802,-0.6893915491464325
810,1.9732576176487753,-0.7787544500654562
811,0.4837691467893717,0.7154455652140767
812,0.3215860821679989,-0.04377884430509531
813,-0.263336094459628,1.5979316798319345
814,0.8395522670986371,0.8115972432025009
815,-0.6425956690349469,0.4497060209793311
816,-0.44139729606576056,-0.7401278707651183
817,0.7171173800924724,-0.29595080161155357
818,0.6552223695586341,0.5051675054032301
819,-0.5896565432922644,-1.061868194895417
820,-0.1776141714136058,0.16806614863765196
821,-0.37569799983875096,-1.1648712674114186
822,-2.4602349361462026,-0.021962474299459356
823,-0.12540122262474432,-1.3196775135524945
824,-1.136376847828093,-0.6618012846120949
825,-0.24337307680573453,-0.9318931465100068
826,0.4175894366379816,-1.868861096263663
827,0.08224051660154255,1.7267486155001783
828,1.5203384085229505,-0.7279298459401752
829,-1.1455807982057753,1.178002370932121
830,0.022759357333477254,0.9720270994746412
831,1.2575854879011248,-1.4072881406353979
832,0.8917245013654591,0.43403054726761153
833,0.8618269017786515,-0.5917385629587416
834,2.383127959365584,-0.09805793655383337
835,-0.9813268059141487,-0.31067029125397616
836,-0.5131436313518832,0.864116071989291
837,-0.7777175756366942,-0.26795053283264775
838,0.7151456918086824,0.9159488309806834
839,0.919996765070152,-0.4133148411585893
840,-0.8444146403396808,0.7459806311483794
841,-0.2969582171480309,-0.5369758518815836
842,-1.1984900456593885,-1.312160202847864
843,0.24165855121548416,0.11859681901365512
844,-0.7187331055774683,-0.43189393439526347
845,-0.13686962524081875,-0.17690288577886223
846,1.1104334706325112,1.9722316687470571
847,-2.2157138086148946,-0.275284686239365
848,-3.2600341897338945,-1.2708634869170927
849,-0.3513287214524883,1.1814424607332326
850,-0.39588832240953614,0.7235402782467305
851,-1.5426259994997453,-0.4344944431815095
852,-1.1543462720027873,-0.6231185465997885
853,0.8518102502660814,-2.750316719278406
854,0.0785069814921237,-1.7472669824049063
855,-0.08029076802331762,1.370657754694435
856,0.21348894446262515,1.0889636824316264
857,-0.8343281101723503,-0.835329929191086
858,-0.6129885518406087,0.17746373100288576
859,1.0346447761256459,-2.049393348271718
860,-0.683010707589304,-0.3295588244894482
861,0.004174425370839811,-1.0072344353991776
862,0.6479058242152709,0.10044235781522973
863,0.08690692827916298,-0.8937248267838172
864,1.6038746033183047,-0.28665837691109974
865,-0.1313760108313351,-2.4208852635522153
866,-0.24903002801032945,-0.3140424180180537
867,-0.12006717000424846,0.15983931952370556
868,-0.18792937388690983,-0.4141934063184991
869,-0.7567016776059822,-0.6924439752413593
870,0.9079079359205459,-0.1146819286447037
871,-0.2108969817237803,-0.3155299181948921
872,-1.2666020546640264,-1.1102811183697991
873,-0.7681611142007906,-0.431283261723732
874,0.642358184105829,0.045996152766947476
875,0.14967486943291378,-1.3718844026572181
876,2.4054413227282008,-0.30701564029798956
877,1.241907895146844,0.018139345419586658
878,0.39838985942073724,-1.9760678009625143
879,-0.09288202437990536,-0.13618348282258066
880,-1.2976609055477557,-2.3485636450434835
881,-0.56186411142493,0.37815768905543096
882,0.27828884397822806,0.8125021089710378
883,1.7486385140817082,-0.44181438990504784
884,-0.5407867491687958,-0.5187871861346501
885,1.5302377121756692,0.3987731000901121
886,1.1010296673723097,0.6694174906137473
887,0.21495160856943754,-0.43603425538128576
888,0.7516601747286374,0.8558111333623538
889,1.0256439760642118,0.16722673547984723
890,1.3448871186692315,1.0378775538286584
891,0.12893889899445382,1.059393839756617
892,-0.2224526213991339,0.2725391692886158
893,-0.20859863700870437,-1.2144398451871956
894,0.3301583600180633,-0.5070258753735074
895,-0.34727917136459574,1.4924039457749831
896,0.4024437687760643,-2.3982799571785463
897,-0.35939853709341973,-1.169497052085892
898,-1.4609573738830184,-1.2902732963269474
899,-2.414013944861787,-1.0154765255252065
900,1.301659361093525,1.1571203288498115
901,-1.560078385531793,-0.8840821319551446
902,1.2698313682294946,1.8518411788990312
903,-1.3085378294863486,1.1631428472750973
904,-0.26681657378743545,0.189815326094332
905,-0.9251625390260378,0.6774549086534799
906,-0.09578711708710852,-0.9866454128441596
907,-0.4046437393412472,-1.3340256401750303
908,0.1627217409315492,-0.5900165243166995
909,1.4462458122077324,-0.283379895761821
910,-1.5156635180016385,0.14911044198138224
911,-0.758968455411757,-1.8372541675777658
912,-0.9876371827449731,0.3445735599544748
913,-0.5374841172754099,-1.4647736740389172
914,-0.48158783130896793,-0.606677676395279
915,0.5790575630135575,0.3526160759221279
916,-0.23742302066567916,0.03739264532370189
917,-1.14600600180228,-0.983124270454518
918,0.4996309435360386,-0.0783348276700324
919,0.5246657069284797,0.8733717705859904
920,-0.9428113733377033,-1.4671735099889067
921,1.111994215893885,0.1947039256396947
922,0.1141720868356829,-0.2744796923809941
923,-0.38140174936108945,-1.225118980741751
924,-0.6258465276282997,0.8983298972499965
925,-0.13424608878895464,-2.174137004983059
926,-0.850986068473695,-0.8631083220631557
927,1.3045365126236221,-0.018895619058168528
928,-1.1887700765080724,0.019123520968258263
929,-0.019123284964873487,-0.32185460736397453
930,0.994649007833042,-0.5597049790327917
931,1.4736060548327514,-1.9886800978386403
932,-1.6601005314871646,-0.9705264864261495
933,0.47804004123011035,0.359155432341725
934,-0.8586076509661423,0.01065585919638862
935,-1.225058940496801,0.4418791332744223
936,2.4874923373652926,-0.6627015341988525
937,0.12303065462682554,1.266727095102695
938,1.224318485355293,0.1148278432356351
939,0.06759779759606836,1.31749277953367
940,0.4865271316148795,-1.9241274766127503
941,1.006879233939613,0.046455065144791544
942,1.7517173782159632,0.025581045382171333
943,-0.16335038889255526,2.5962203810480062
944,-0.17894287749270815,-0.786349173852589
945,0.9025296641007955,-0.6060559428586961
946,0.10800081417784305,-0.0037370955350087
947,-0.7352187989847948,0.2890996071818117
948,0.5777243468340313,1.2008242175591166
949,-0.6708490900441817,-1.6484638748420788
950,-0.5908461266643554,0.6506813237727345
951,-0.004723977104307349,1.2704639932748978
952,-0.3964734695302359,-0.004920372679362148
953,0.11984796978501203,-0.465707215340078
954,0.4928162545627006,-0.15833261233403892
955,-1.7838749639020037,-1.0730987497574611
956,-2.094185284112723,0.09336210735117186
957,-0.852496660527499,-1.0913127885579337
958,-0.21039867071900067,0.6325018326253458
959,-0.6731660155404816,1.4961658372604563
960,0.18772157436609985,-1.1835323473381618
961,-0.31200209491175507,1.7429306664654394
962,1.6035615770939844,1.2525714369133605
963,-0.504702723291321,0.18778528867532113
964,-0.8125117394904354,0.1814071904636191
965,0.5648279128845265,0.761522379639351
966,-0.45852721607070696,0.35080283182676997
967,-0.9919151413352063,0.9201938384766869
968,-0.9913365435269132,-1.0774172768089838
969,1.5128000815711995,-2.1197664653860606
970,-0.25459313469984485,-0.6727708692243877
971,-0.21698689208569175,0.42819294456485557
972,-0.6828585173075039,-0.18043758708493485
973,-0.3909991880038737,-1.052815874185803
974,0.5215488132049938,0.35208971829598756
975,1.4472175214519747,-0.7999493809172549
976,-0.43396283549808917,1.726058731889211
977,-0.8453790242585936,-2.3122358716368554
978,-0.1515503984849432,-0.9995268995110335
979,1.0639886779527274,1.1630181370611585
980,0.5750058540561782,-0.28043495957041464
981,-0.8711405699674691,0.39235631850497804
982,0.6790009386609871,0.06614913555522817
983,1.370465429116015,-0.35595978327987854
984,1.4322659082536562,0.6039753714782056
985,-0.010629981648725398,-1.8636350105505324
986,-0.9203456162272853,-0.9251993990736356
987,-2.175959428379094,0.48494951406835335
988,-1.366037563084037,1.0811027871552015
989,0.825547339035431,0.4336896071471722
990,-0.35092543060879616,-1.2329063966939906
991,1.0000844934038293,0.13940169550656553
992,-1.3650555467167278,0.5251466129032253
993,-0.47194428943541783,2.0479548468276203
994,1.6733254020158834,-1.152702982466302
995,-1.6730605755905668,1.4821961525268978
996,-0.3239580058649798,0.502243034904342
997,1.0736592074273466,-0.45729127576640854
998,0.4430276908517947,0.8546895081115282
999,-1.7446170889777401,0.7842222517962334
